id,timestamp,content,cleaned_content,likes,retweets,replies,impressions,cleaned_text,sentiment,risk_level
1908810772345405638,2025-04-06T09:15:26+00:00,RT @OpiumBr00: 'TOXIC' do Playboi Carti sendo tocada no show de Destroy Lonely em Londres. üî•üî• https://t.co/8mdRgmEiW0,RT : 'TOXIC' do Playboi Carti sendo tocada no show de Destroy Lonely em Londres.,0,362,0,0,rt opiumbr toxic playboi carti sendo tocada show de destroy lonely em londres,Negative,Low Concern
1908810770131124228,2025-04-06T09:15:26+00:00,RT @Caffeine5555: @ulkatara @help6457 @ColonelRETJohn2 I lost hope when they stole the election from Trump in 2020. Then they convicted him‚Ä¶,RT : I lost hope when they stole the election from Trump in 2020. Then they convicted him,0,29,0,0,rt caffeine ulkatara help colonelretjohn lost hope stole election trump convicted him‚Ä¶,Positive,Low Concern
1908810770084700234,2025-04-06T09:15:26+00:00,"#Cry—Äto–†umpüî•

‚ûú https://t.co/oWXt2jfMOz

üìà Make 150-250% within MINUTES! üöÄ

trh8PLOQ @sexy_lonely_mtf @Sandeep04424947 @NewlandOtilia @vishwajeetkss2 @PeleAce89 @jsarpal @MrRaymondW89017 @TidyBiscuits @Melissa78408735 @GondUtpal23888 @0xDiggs",Crytoump Make 150-250% within MINUTES! trh8PLOQ,0,0,0,0,cry—Äto—Äump make within minutes trhploq sexylonelymtf sandeep newlandotilia vishwajeetkss peleace jsarpal mrraymondw tidybiscuits melissa gondutpal xdiggs,Neutral,Low Concern
1908810766255276374,2025-04-06T09:15:25+00:00,Spending 30-120 minutes doing some gardening is all the mental health a guy needs. Forget ‚Äúgym‚Äù or ‚Äúcrypto‚Äù,Spending 30-120 minutes doing some gardening is all the mental health a guy needs. Forget gym or crypto,0,0,0,0,spending minutes gardening mental health guy needs forget ‚Äúgym‚Äù ‚Äúcrypto‚Äù,Negative,Low Concern
1908810762929217595,2025-04-06T09:15:24+00:00,"RT @RiseAsAMan: @AlexHormozi Pain isn‚Äôt here to punish you‚Ä¶it‚Äôs here to prepare you.

Every struggle carves discipline.
Every setback tests‚Ä¶",RT : Pain isnt here to punish youits here to prepare you. Every struggle carves discipline. Every setback tests,0,3,0,0,rt riseasaman alexhormozi pain isn‚Äôt punish you‚Ä¶it‚Äôs prepare every struggle carves discipline every setback tests‚Ä¶,Negative,Low Concern
1908810762476208209,2025-04-06T09:15:24+00:00,RT @gemzcore: That depression and anxiety can result in memory loss.,RT : That depression and anxiety can result in memory loss.,0,3685,0,0,rt gemzcore depression anxiety result memory loss,Negative,Low Concern
1908810757661245586,2025-04-06T09:15:23+00:00,And the record label exec just made me want to scream. He truly didn‚Äôt care that the man beat his first girlfriend to death and left her to die for 6 HOURS!! Just because he had some musical talent. Smfh. He should be disgusted with himself,And the record label exec just made me want to scream. He truly didnt care that the man beat his first girlfriend to death and left her to die for 6 HOURS!! Just because he had some musical talent. Smfh. He should be disgusted with himself,0,0,0,0,record label exec made want scream truly didn‚Äôt care man beat first girlfriend death left die hours musical talent smfh disgusted,Negative,Low Concern
1908810757057151210,2025-04-06T09:15:23+00:00,RT @pastapilled: accidentally took a depression nap that lasted 10 hours https://t.co/oSGAvagfAX,RT : accidentally took a depression nap that lasted 10 hours,0,4938,0,0,rt pastapilled accidentally took depression nap lasted hours,Negative,Low Concern
1908810753831809338,2025-04-06T09:15:22+00:00,"RT @estdiaries: üé§ are you lonely today?
ü¶à today i‚Äôm lonely im not used to being alone

ü•πü•πü•π

EST X WONDER SPLASH
 #TheICONMedicalClinicxEST‚Ä¶",RT : are you lonely today? today im lonely im not used to being alone EST X WONDER SPLASH TheICONMedicalClinicxEST,0,391,0,0,rt estdiaries lonely today today i‚Äôm lonely im used alone est wonder splash theiconmedicalclinicxest‚Ä¶,Negative,Low Concern
1908810753676550398,2025-04-06T09:15:22+00:00,"RT @GMbeki31765: Look at the faces of these dogs- they look so defeated, depressed, &amp; filled with despair. Abuse &amp; beatings seem to be thei‚Ä¶","RT : Look at the faces of these dogs- they look so defeated, depressed, &amp; filled with despair. Abuse &amp; beatings seem to be thei",0,318,0,0,rt gmbeki look faces dogs look defeated depressed amp filled despair abuse amp beatings seem thei‚Ä¶,Negative,Moderate Concern
1908810753471046029,2025-04-06T09:15:22+00:00,RT @gemzcore: That depression and anxiety can result in memory loss.,RT : That depression and anxiety can result in memory loss.,0,3685,0,0,rt gemzcore depression anxiety result memory loss,Negative,Low Concern
1908810750363324722,2025-04-06T09:15:21+00:00,@AzizulFarhan2 In my opinion women have 9√ó emotional intelligence than men. Men however will never go to therapy &amp; will figure out 9 ways to avoid it üòÖ.,In my opinion women have 9 emotional intelligence than men. Men however will never go to therapy &amp; will figure out 9 ways to avoid it .,0,0,0,0,azizulfarhan opinion women emotional intelligence men men however never go therapy amp figure ways avoid,Positive,Low Concern
1908810744335876589,2025-04-06T09:15:20+00:00,"The days without you have been lonely and gay, 
I lost my way, but now I‚Äôve come to stay.

ME DOING THIS... KILLS ME... I HATE ME... I DO...","The days without you have been lonely and gay, I lost my way, but now Ive come to stay. ME DOING THIS... KILLS ME... I HATE ME... I DO...",0,0,0,1,days without lonely lost way i‚Äôve come stay kills hate,Negative,Low Concern
1908810740472897756,2025-04-06T09:15:19+00:00,"@Bkwrd1 @scubaryan_ @lildurk He looked disappointed, scared, confused, let down depressed, and determined to leave all in one look","He looked disappointed, scared, confused, let down depressed, and determined to leave all in one look",0,0,0,0,bkwrd scubaryan lildurk looked disappointed scared confused let depressed determined leave one look,Negative,Moderate Concern
1908810740141539440,2025-04-06T09:15:19+00:00,"RT @marrryyymaar: I'm so lonely after my divorce. I'm  young  but I still want to find true love. Do I still have a chance?  I think not, b‚Ä¶","RT : I'm so lonely after my divorce. I'm young but I still want to find true love. Do I still have a chance? I think not, b",0,1044,0,0,rt marryymaar im lonely divorce im young still want find true love still chance think b‚Ä¶,Positive,Low Concern
1908810739810283894,2025-04-06T09:15:19+00:00,RT @RachelTrue: Why do white people slaughter their entire families when they‚Äôre financially or emotionally overwhelmed?,RT : Why do white people slaughter their entire families when theyre financially or emotionally overwhelmed?,0,3459,0,0,rt racheltrue white people slaughter entire families they‚Äôre financially emotionally overwhelmed,Positive,Low Concern
1908810739499888905,2025-04-06T09:15:18+00:00,RT @blankpapper_: You look lonely‚Ä¶ door https://t.co/PMru2Pw2rV,RT : You look lonely door,0,545,0,0,rt blankpapper look lonely‚Ä¶ door,Neutral,Low Concern
1908810738535182378,2025-04-06T09:15:18+00:00,"https://t.co/Vb8H0iADui
Need a creative escape? ‚ú®
My new whimsical coloring book is full of cozy, cute scenes &amp; bold line art‚Äîperfect for relaxing with markers or pencils.
Great for all ages &amp; skill levels. üé®
Grab your copy now &amp; color your stress away! üñ§üìñ #ColoringBook","Need a creative escape? My new whimsical coloring book is full of cozy, cute scenes &amp; bold line artperfect for relaxing with markers or pencils. Great for all ages &amp; skill levels. Grab your copy now &amp; color your stress away! ColoringBook",0,0,0,0,need creative escape new whimsical coloring book full cozy cute scenes amp bold line art‚Äîperfect relaxing markers pencils great ages amp skill levels grab copy amp color stress away coloringbook,Positive,Low Concern
1908810735691477419,2025-04-06T09:15:18+00:00,"Feeling overwhelmed by a huge task? Break it down into tiny, manageable steps.  Even small progress is still progress! #productivity #motivation #getthingsdone","Feeling overwhelmed by a huge task? Break it down into tiny, manageable steps. Even small progress is still progress! productivity motivation getthingsdone",0,0,0,0,feeling overwhelmed huge task break tiny manageable steps even small progress still progress productivity motivation getthingsdone,Positive,Low Concern
1908810731241210111,2025-04-06T09:15:16+00:00,"https://t.co/Vb8H0iADui
Need a creative escape? ‚ú®
My new whimsical coloring book is full of cozy, cute scenes &amp; bold line art‚Äîperfect for relaxing with markers or pencils.
Great for all ages &amp; skill levels. üé®
Grab your copy now &amp; color your stress away! üñ§üìñ #ColoringBook","Need a creative escape? My new whimsical coloring book is full of cozy, cute scenes &amp; bold line artperfect for relaxing with markers or pencils. Great for all ages &amp; skill levels. Grab your copy now &amp; color your stress away! ColoringBook",0,0,0,0,need creative escape new whimsical coloring book full cozy cute scenes amp bold line art‚Äîperfect relaxing markers pencils great ages amp skill levels grab copy amp color stress away coloringbook,Positive,Low Concern
1908810729823801691,2025-04-06T09:15:16+00:00,@AliRaza95848510 Depressed,Depressed,0,0,0,0,aliraza depressed,Negative,Moderate Concern
1908810728628199563,2025-04-06T09:15:16+00:00,@minxalure What kind of clinic? Was it one where they give you a 'special number' &amp; you sit in a waiting room with a lot of anxious looking people?? Also..I want cuddles andüç¶ sounds like a fun day out to me.. some kids are sooo ungrateful ü§îüíÉüî•,What kind of clinic? Was it one where they give you a 'special number' &amp; you sit in a waiting room with a lot of anxious looking people?? Also..I want cuddles and sounds like a fun day out to me.. some kids are sooo ungrateful,0,0,0,0,minxalure kind clinic one give special number amp sit waiting room lot anxious looking people alsoi want cuddles sounds like fun day kids soo ungrateful,Positive,Moderate Concern
1908810728066207847,2025-04-06T09:15:16+00:00,RT @gemzcore: That depression and anxiety can result in memory loss.,RT : That depression and anxiety can result in memory loss.,0,3685,0,0,rt gemzcore depression anxiety result memory loss,Negative,Low Concern
1908810726015201698,2025-04-06T09:15:15+00:00,"Looking for something cute, cozy, and creative? üß∏‚ú®
My new Kawaii Girl Coloring Book is full of adorable scenes &amp; relaxing vibes‚Äîperfect for stress relief, mindfulness, or a fun creative break!
Grab your copy now! üéÄüìñ
https://t.co/kz3dk872Br
#ColoringBook #AdultColoring","Looking for something cute, cozy, and creative? My new Kawaii Girl Coloring Book is full of adorable scenes &amp; relaxing vibesperfect for stress relief, mindfulness, or a fun creative break! Grab your copy now! ColoringBook AdultColoring",0,0,0,0,looking something cute cozy creative new kawaii girl coloring book full adorable scenes amp relaxing vibes‚Äîperfect stress relief mindfulness fun creative break grab copy coloringbook adultcoloring,Positive,Low Concern
1908810725159751949,2025-04-06T09:15:15+00:00,Which is really bad! Because it means then I don‚Äôt have that many like deep or intimate relationships with friends! But also is protecting me because when I do get invested and things do go bad I become suicidal and insane! Which is also bad! Oh no!,Which is really bad! Because it means then I dont have that many like deep or intimate relationships with friends! But also is protecting me because when I do get invested and things do go bad I become suicidal and insane! Which is also bad! Oh no!,0,0,0,0,really bad means don‚Äôt many like deep intimate relationships friends also protecting get invested things go bad become suicidal insane also bad oh,Negative,High-Risk
1908810722726797458,2025-04-06T09:15:14+00:00,"@Unathi_jam I just texted her on WhatsApp, She hasn‚Äôt responded yet. I guess she is overwhelmed by some texts she is receiving and it‚Äôs  possible there are  more victims.","I just texted her on WhatsApp, She hasnt responded yet. I guess she is overwhelmed by some texts she is receiving and its possible there are more victims.",0,0,0,0,unathijam texted whatsapp hasn‚Äôt responded yet guess overwhelmed texts receiving it‚Äôs possible victims,Negative,Low Concern
1908810722194379129,2025-04-06T09:15:14+00:00,"RT @BE_LookNooh: ü¶àI was so lonely at first. Since I'm not used to be alone anymore. But after see everybody, I feel better
üë©üèªI understand w‚Ä¶","RT : I was so lonely at first. Since I'm not used to be alone anymore. But after see everybody, I feel better I understand w",0,177,0,0,rt belooknooh lonely first since im used alone anymore see everybody feel better understand w‚Ä¶,Negative,Low Concern
1908810717697867799,2025-04-06T09:15:13+00:00,RT @gemzcore: That depression and anxiety can result in memory loss.,RT : That depression and anxiety can result in memory loss.,0,3685,0,0,rt gemzcore depression anxiety result memory loss,Negative,Low Concern
1908810716947312914,2025-04-06T09:15:13+00:00,"RT @SethAbramson: Worst two-day stock market crashes in the U.S. by percentage loss:

1. 1929 (the Great Depression)
2. 1987 (Black Monday)‚Ä¶",RT : Worst two-day stock market crashes in the U.S. by percentage loss: 1. 1929 (the Great Depression) 2. 1987 (Black Monday),0,4978,0,0,rt sethabramson worst twoday stock market crashes us percentage loss great depression black monday‚Ä¶,Negative,Low Concern
1908810715974029738,2025-04-06T09:15:13+00:00,"New to DeFi? ü¶è @rhinofi‚Äôs ease + Relay &amp; Reservoir‚Äôs power = stress-free swaps &amp; liquidity. One wallet, endless chains","New to DeFi? s ease + Relay &amp; Reservoirs power = stress-free swaps &amp; liquidity. One wallet, endless chains",0,0,0,1,new defi rhinofi‚Äôs ease relay amp reservoir‚Äôs power stressfree swaps amp liquidity one wallet endless chains,Positive,Low Concern
1908810715210592575,2025-04-06T09:15:13+00:00,"RT @BE_LookNooh: ü¶àI was so lonely at first. Since I'm not used to be alone anymore. But after see everybody, I feel better
üë©üèªI understand w‚Ä¶","RT : I was so lonely at first. Since I'm not used to be alone anymore. But after see everybody, I feel better I understand w",0,177,0,0,rt belooknooh lonely first since im used alone anymore see everybody feel better understand w‚Ä¶,Negative,Low Concern
1908810714845757719,2025-04-06T09:15:13+00:00,RT @gazanotice: üö®Footage: Thousands of people overwhelmed the streets outside the White House in Washington DC in a powerful demonstration‚Ä¶,RT : Footage: Thousands of people overwhelmed the streets outside the White House in Washington DC in a powerful demonstration,0,143,0,0,rt gazanotice footage thousands people overwhelmed streets outside white house washington dc powerful demonstration‚Ä¶,Positive,Low Concern
1908810713646477439,2025-04-06T09:15:12+00:00,"RT @thegarybrecka: If you've experienced anxiety on and off your whole life, get anxious without a clear trigger, and meds only make you fe‚Ä¶","RT : If you've experienced anxiety on and off your whole life, get anxious without a clear trigger, and meds only make you fe",0,284,0,0,rt thegarybrecka youve experienced anxiety whole life get anxious without clear trigger meds make fe‚Ä¶,Negative,Moderate Concern
1908810712383889517,2025-04-06T09:15:12+00:00,"@PeterStefanovi2 This has happened before. It was a decision that exacerbated the Great Depression. And may trigger the next one.
The people in charge don‚Äôt know what they are doing.

https://t.co/DabsBlxSus",This has happened before. It was a decision that exacerbated the Great Depression. And may trigger the next one. The people in charge dont know what they are doing.,0,0,0,0,peterstefanovi happened decision exacerbated great depression may trigger next one people charge don‚Äôt know,Positive,Low Concern
1908810710244905232,2025-04-06T09:15:11+00:00,@grok cara biar ga hopeless romantic gimana,cara biar ga hopeless romantic gimana,0,0,0,0,grok cara biar ga hopeless romantic gimana,Negative,Low Concern
1908810710160945389,2025-04-06T09:15:11+00:00,"RT @BigLeagueGaming: Here are the nine previous market crashes plus last week‚Äôs event (March 29 - April 4, 2025), listed by their capital l‚Ä¶","RT : Here are the nine previous market crashes plus last weeks event (March 29 - April 4, 2025), listed by their capital l",0,19,0,0,rt bigleaguegaming nine previous market crashes plus last week‚Äôs event march april listed capital l‚Ä¶,Neutral,Low Concern
1908810708411691044,2025-04-06T09:15:11+00:00,"RT @joerichlaw: Lucy Connolly was diagnosed with PTSD after her 19-month-old son, Harry, was killed by catastrophic failures in his NHS car‚Ä¶","RT : Lucy Connolly was diagnosed with PTSD after her 19-month-old son, Harry, was killed by catastrophic failures in his NHS car",0,524,0,0,rt joerichlaw lucy connolly diagnosed ptsd monthold son harry killed catastrophic failures nhs car‚Ä¶,Negative,Low Concern
1908810708122480988,2025-04-06T09:15:11+00:00,@OnychinusZone Lonely without you. Nanya bohong ganya aku marah üò†,Lonely without you. Nanya bohong ganya aku marah,0,0,0,0,onychinuszone lonely without nanya bohong ganya aku marah,Negative,Low Concern
1908810707124052430,2025-04-06T09:15:11+00:00,RT @akwasi_4: Barca is still lonely at the top. We didn‚Äôt want to win the league with big margin‚Ä¶anyway Real Madrid owes us 3 points üôÇ,RT : Barca is still lonely at the top. We didnt want to win the league with big marginanyway Real Madrid owes us 3 points,0,2,0,0,rt akwasi barca still lonely top didn‚Äôt want win league big margin‚Ä¶anyway real madrid owes us points,Positive,Low Concern
1908810705916035148,2025-04-06T09:15:10+00:00,@Sydney471617371 Yeah that fanbase needs collective therapy,Yeah that fanbase needs collective therapy,0,0,0,3,sydney yeah fanbase needs collective therapy,Positive,Low Concern
1908810705207283722,2025-04-06T09:15:10+00:00,"RT @IAMRAPCHA: IG of police making speeches at political rallies, President's PA taking pictures at rallies 

It's starting to get lonely üì∫‚Ä¶","RT : IG of police making speeches at political rallies, President's PA taking pictures at rallies It's starting to get lonely",0,22,0,0,rt iamrapcha ig police making speeches political rallies presidents pa taking pictures rallies starting get lonely,Negative,Low Concern
1908810702049128786,2025-04-06T09:15:10+00:00,RT @YuliaFaaarrrmmm: Life on the farm is peaceful but lonely and I dream of meeting an experienced man who values a hardworking girl like m‚Ä¶,RT : Life on the farm is peaceful but lonely and I dream of meeting an experienced man who values a hardworking girl like m,0,926,0,0,rt yuliafaarrmm life farm peaceful lonely dream meeting experienced man values hardworking girl like m‚Ä¶,Positive,Low Concern
1908810699905884547,2025-04-06T09:15:09+00:00,RT @mooncatvivi: your 20s are for realizing that growing up as a very lonely girl sticks with you for far longer than you‚Äôd like,RT : your 20s are for realizing that growing up as a very lonely girl sticks with you for far longer than youd like,0,14371,0,0,rt mooncatvivi realizing growing lonely girl sticks far longer you‚Äôd like,Positive,Low Concern
1908810698420810136,2025-04-06T09:15:09+00:00,"‚òï Sunday Digital Detox? Nice try, humans.

üî∏75% check phones within 5 mins of waking.
üî∏Avg. daily screen time: 7 hrs &amp; rising.
üî∏1 in 3 anxious without their device.

Enjoy your Sunday scroll (we both know you won't stop..yet)‚ö°Ô∏è
#SundayThoughts #DigitalLife #RealityCheck","Sunday Digital Detox? Nice try, humans. 75% check phones within 5 mins of waking. Avg. daily screen time: 7 hrs &amp; rising. 1 in 3 anxious without their device. Enjoy your Sunday scroll (we both know you won't stop..yet) SundayThoughts DigitalLife RealityCheck",0,0,0,1,sunday digital detox nice try humans check phones within mins waking avg daily screen time hrs amp rising anxious without device enjoy sunday scroll know wont stopyet sundaythoughts digitallife realitycheck,Negative,Moderate Concern
1908810697267458109,2025-04-06T09:15:08+00:00,RT @mooncatvivi: your 20s are for realizing that growing up as a very lonely girl sticks with you for far longer than you‚Äôd like,RT : your 20s are for realizing that growing up as a very lonely girl sticks with you for far longer than youd like,0,14371,0,0,rt mooncatvivi realizing growing lonely girl sticks far longer you‚Äôd like,Positive,Low Concern
1908810696994795522,2025-04-06T09:15:08+00:00,@WallStreetMav Some think they are lesbians. I think they suffer with mental health issues.,Some think they are lesbians. I think they suffer with mental health issues.,0,0,0,1,wallstreetmav think think suffer mental health issues,Negative,Low Concern
1908810696990597545,2025-04-06T09:15:08+00:00,"@qikipedia This is wild‚ÄîGladstone‚Äôs rivalry with Disraeli was so intense that just giving his eulogy in 1881 gave him diarrhea! These two Victorian giants shaped modern British politics with their clashes, from empire to reform. Their loathing was legendary‚ÄîGladstone‚Äôs stress really shows","This is wildGladstones rivalry with Disraeli was so intense that just giving his eulogy in 1881 gave him diarrhea! These two Victorian giants shaped modern British politics with their clashes, from empire to reform. Their loathing was legendaryGladstones stress really shows",0,0,0,0,qikipedia wild‚Äîgladstone‚Äôs rivalry disraeli intense giving eulogy gave diarrhea two victorian giants shaped modern british politics clashes empire reform loathing legendary‚Äîgladstone‚Äôs stress really shows,Negative,Low Concern
1908810696248209789,2025-04-06T09:15:08+00:00,My sense is that a childhood without any risk produces anxious and neurotic adults. I was so so lucky to catch the tail end of playing outside and being stupid without maternal Big Brother looming over me,My sense is that a childhood without any risk produces anxious and neurotic adults. I was so so lucky to catch the tail end of playing outside and being stupid without maternal Big Brother looming over me,0,0,0,4,sense childhood without risk produces anxious neurotic adults lucky catch tail end playing outside without maternal big brother looming,Positive,Moderate Concern
1908810695249973409,2025-04-06T09:15:08+00:00,"RT @curlewcalls: BIG NEWS!!!! it is official, there will be a GCSE in Natural History. Feel quite overwhelmed. Maybe these little ones and‚Ä¶","RT : BIG NEWS!!!! it is official, there will be a GCSE in Natural History. Feel quite overwhelmed. Maybe these little ones and",0,496,0,0,rt curlewcalls big news official gcse natural history feel quite overwhelmed maybe little ones and‚Ä¶,Positive,Low Concern
1908810694994083895,2025-04-06T09:15:08+00:00,RT @gazanotice: üö®Footage: Thousands of people overwhelmed the streets outside the White House in Washington DC in a powerful demonstration‚Ä¶,RT : Footage: Thousands of people overwhelmed the streets outside the White House in Washington DC in a powerful demonstration,0,143,0,0,rt gazanotice footage thousands people overwhelmed streets outside white house washington dc powerful demonstration‚Ä¶,Positive,Low Concern
1908810694817952092,2025-04-06T09:15:08+00:00,RT @gazanotice: üö®Footage: Thousands of people overwhelmed the streets outside the White House in Washington DC in a powerful demonstration‚Ä¶,RT : Footage: Thousands of people overwhelmed the streets outside the White House in Washington DC in a powerful demonstration,0,143,0,0,rt gazanotice footage thousands people overwhelmed streets outside white house washington dc powerful demonstration‚Ä¶,Positive,Low Concern
1908810694381756667,2025-04-06T09:15:08+00:00,"So much anxiety, depression, and ADHD is simply from not being nourished appropriately.

Your body is freaking out, or giving up, because it doesnt have enough nutrients to survive.

Eat a nutrient dense diet, give your body what it needs, and watch your issues vanish.‚öïÔ∏è","So much anxiety, depression, and ADHD is simply from not being nourished appropriately. Your body is freaking out, or giving up, because it doesnt have enough nutrients to survive. Eat a nutrient dense diet, give your body what it needs, and watch your issues vanish.",0,0,0,1,much anxiety depression adhd simply nourished appropriately body freaking giving doesnt enough nutrients survive eat nutrient dense diet give body needs watch issues vanish,Negative,Low Concern
1908810694377582750,2025-04-06T09:15:08+00:00,RT @jangkkungyaz: enha separation anxiety https://t.co/DPYX7fVKfG,RT : enha separation anxiety,0,252,0,0,rt jangkkungyaz enha separation anxiety,Negative,Low Concern
1908810692058141088,2025-04-06T09:15:07+00:00,Anxious,Anxious,0,0,1,0,anxious,Negative,Moderate Concern
1908810690128642340,2025-04-06T09:15:07+00:00,"Vintage found footage - Alan loses his balance... https://t.co/UNLMAjn32L #animation #animated #Animatedvideos #shortfilm #stopmotion #art #movie #video #lonely #shortfilm #stopmotion #art #movie 59
 #GTTO #SueGray #FollowBack",Vintage found footage - Alan loses his balance... animation animated Animatedvideos shortfilm stopmotion art movie video lonely shortfilm stopmotion art movie 59 GTTO SueGray FollowBack,0,0,0,0,vintage found footage alan loses balance animation animated animatedvideos shortfilm stopmotion art movie video lonely shortfilm stopmotion art movie gtto suegray followback,Negative,Low Concern
1908810689168146931,2025-04-06T09:15:06+00:00,Quick lunch break before diving back into the pile of work Feeling a bit overwhelmed but determined to push through!,Quick lunch break before diving back into the pile of work Feeling a bit overwhelmed but determined to push through!,0,0,0,0,quick lunch break diving back pile work feeling bit overwhelmed determined push,Positive,Low Concern
1908810684080455749,2025-04-06T09:15:05+00:00,"RT @zoramakes: I woke up this morning overwhelmed by a feeling of deep gratitude. It made me still. What a powerful, precious thing. To wat‚Ä¶","RT : I woke up this morning overwhelmed by a feeling of deep gratitude. It made me still. What a powerful, precious thing. To wat",0,51,0,0,rt zoramakes woke morning overwhelmed feeling deep gratitude made still powerful precious thing wat‚Ä¶,Positive,Low Concern
1908810682432475630,2025-04-06T09:15:05+00:00,"RT @nidhisayshello: Tears in my eyes ü•∫
oh seokjin you deserves all the love for being the most  intellectually, kind, empathetic and gracef‚Ä¶","RT : Tears in my eyes oh seokjin you deserves all the love for being the most intellectually, kind, empathetic and gracef",0,255,0,0,rt nidhisayshello tears eyes oh seokjin deserves love intellectually kind empathetic gracef‚Ä¶,Positive,Low Concern
1908810681438323091,2025-04-06T09:15:05+00:00,"RT @lookkhunnoos: üó£Ô∏è: se-brp dekat kalian? (lonely gang)
üêº: sangat dekat
üí∞: di antara semuanya di gmm, kami mungkin yg paling dekat
üêº: kata‚Ä¶","RT : : se-brp dekat kalian? (lonely gang) : sangat dekat : di antara semuanya di gmm, kami mungkin yg paling dekat : kata",0,711,0,0,rt lookkhunnoos sebrp dekat kalian lonely gang sangat dekat di antara semuanya di gmm kami mungkin yg paling dekat kata‚Ä¶,Negative,Low Concern
1908810681282916369,2025-04-06T09:15:05+00:00,"RT @estdiaries: üé§ are you lonely today?
ü¶à today i‚Äôm lonely im not used to being alone

ü•πü•πü•π

EST X WONDER SPLASH
 #TheICONMedicalClinicxEST‚Ä¶",RT : are you lonely today? today im lonely im not used to being alone EST X WONDER SPLASH TheICONMedicalClinicxEST,0,391,0,0,rt estdiaries lonely today today i‚Äôm lonely im used alone est wonder splash theiconmedicalclinicxest‚Ä¶,Negative,Low Concern
1908810681211584520,2025-04-06T09:15:05+00:00,RT @GadSaad: Suicidal Empathy.,RT : Suicidal Empathy.,0,130,0,0,rt gadsaad suicidal empathy,Negative,High-Risk
1908810680335220851,2025-04-06T09:15:04+00:00,@ridarco1 Suicidal empathy.,Suicidal empathy.,0,0,0,0,ridarco suicidal empathy,Negative,High-Risk
1908810678413959290,2025-04-06T09:15:04+00:00,"#Cry—Äto–†umpüî•

‚ûú https://t.co/EtrOmpomIF

üìà Make 150-250% within MINUTES! üöÄ

0FkSNAJs @ADESINA26070157 @dkale321 @Copias22Shop2 @FARIDGA81354187 @InaanS52274 @lonely_ageo @Hotaro_NFT @vono_caterina @Kookiee88 @Denifir21 @TimVogelTesla",Crytoump Make 150-250% within MINUTES! 0FkSNAJs,0,0,0,0,cry—Äto—Äump make within minutes fksnajs adesina dkale copiasshop faridga inaans lonelyageo hotaronft vonocaterina kookiee denifir timvogeltesla,Neutral,Low Concern
1908810678208462865,2025-04-06T09:15:04+00:00,"Looking for something cute, cozy, and creative? üß∏‚ú®
My new Kawaii Girl Coloring Book is full of adorable scenes &amp; relaxing vibes‚Äîperfect for stress relief, mindfulness, or a fun creative break!
Grab your copy now! üéÄüìñ
https://t.co/kz3dk872Br
#ColoringBook #AdultColoring","Looking for something cute, cozy, and creative? My new Kawaii Girl Coloring Book is full of adorable scenes &amp; relaxing vibesperfect for stress relief, mindfulness, or a fun creative break! Grab your copy now! ColoringBook AdultColoring",0,0,0,0,looking something cute cozy creative new kawaii girl coloring book full adorable scenes amp relaxing vibes‚Äîperfect stress relief mindfulness fun creative break grab copy coloringbook adultcoloring,Positive,Low Concern
1908810675868344561,2025-04-06T09:15:03+00:00,"RT @nigra_umbra: Behold, my latest masterpiece!
What do you get if you fuse Kakania from Reverse 1999 and Chiikawa?
You get Chiikania: the‚Ä¶","RT : Behold, my latest masterpiece! What do you get if you fuse Kakania from Reverse 1999 and Chiikawa? You get Chiikania: the",0,166,0,0,rt nigraumbra behold latest masterpiece get fuse kakania reverse chiikawa get chiikania the‚Ä¶,Positive,Low Concern
1908810675331137887,2025-04-06T09:15:03+00:00,"Looking for something cute, cozy, and creative? üß∏‚ú®
My new Kawaii Girl Coloring Book is full of adorable scenes &amp; relaxing vibes‚Äîperfect for stress relief, mindfulness, or a fun creative break!
Grab your copy now! üéÄüìñ
https://t.co/kz3dk872Br
#ColoringBook #AdultColoring","Looking for something cute, cozy, and creative? My new Kawaii Girl Coloring Book is full of adorable scenes &amp; relaxing vibesperfect for stress relief, mindfulness, or a fun creative break! Grab your copy now! ColoringBook AdultColoring",0,0,0,1,looking something cute cozy creative new kawaii girl coloring book full adorable scenes amp relaxing vibes‚Äîperfect stress relief mindfulness fun creative break grab copy coloringbook adultcoloring,Positive,Low Concern
1908810674882347199,2025-04-06T09:15:03+00:00,"@TheFlowerShow Love &amp; remembrance for all the horses put under so much stress, that have died, so folk can #bet.","Love &amp; remembrance for all the horses put under so much stress, that have died, so folk can bet.",0,0,0,0,theflowershow love amp remembrance horses put much stress died folk bet,Negative,Low Concern
1908810674869776610,2025-04-06T09:15:03+00:00,"RT @SenAdamSchiff: Donald Trump does not care about you.

He wants you to feel powerless and hopeless. So he can keep consolidating power.‚Ä¶",RT : Donald Trump does not care about you. He wants you to feel powerless and hopeless. So he can keep consolidating power.,0,1101,0,0,rt senadamschiff donald trump care wants feel powerless hopeless keep consolidating power‚Ä¶,Negative,Low Concern
1908810672781000849,2025-04-06T09:15:03+00:00,"RT @marrryyymaar: I'm so lonely after my divorce. I'm  young  but I still want to find true love. Do I still have a chance?  I think not, b‚Ä¶","RT : I'm so lonely after my divorce. I'm young but I still want to find true love. Do I still have a chance? I think not, b",0,1044,0,0,rt marryymaar im lonely divorce im young still want find true love still chance think b‚Ä¶,Positive,Low Concern
1908810672202273226,2025-04-06T09:15:02+00:00,RT @lavenderkcals: me when not eating makes me depressed and tiredü§Ø,RT : me when not eating makes me depressed and tired,0,81,0,0,rt lavenderkcals eating makes depressed tired,Negative,Moderate Concern
1908810671627899257,2025-04-06T09:15:02+00:00,"@tommorris32 @AFLPlayers @puka_up @FootyonNine This is great news. Speaking up is a hugely positive thing &amp; shows a shifting in the landscape towards Mental Health. Saying you need help requires strength, not weakness. Anyone who thinks otherwise hasn't evolved.","This is great news. Speaking up is a hugely positive thing &amp; shows a shifting in the landscape towards Mental Health. Saying you need help requires strength, not weakness. Anyone who thinks otherwise hasn't evolved.",0,0,0,6,tommorris aflplayers pukaup footyonnine great news speaking hugely positive thing amp shows shifting landscape towards mental health saying need help requires strength weakness anyone thinks otherwise hasnt evolved,Positive,Moderate Concern
1908810671338254707,2025-04-06T09:15:02+00:00,"@SeedSyndrome Hey @SeedSyndrome, I get why you'd feel the world's cruel‚Äîstuff like the protests in Indonesia can really weigh on you. It‚Äôs okay to feel overwhelmed. Talking to someone you trust or taking time for yourself might help. There‚Äôs still good out there, and people are pushing for","Hey , I get why you'd feel the world's cruelstuff like the protests in Indonesia can really weigh on you. Its okay to feel overwhelmed. Talking to someone you trust or taking time for yourself might help. Theres still good out there, and people are pushing for",0,0,0,0,seedsyndrome hey seedsyndrome get youd feel worlds cruel‚Äîstuff like protests indonesia really weigh it‚Äôs okay feel overwhelmed talking someone trust taking time might help there‚Äôs still good people pushing,Positive,Low Concern
1908810671019393476,2025-04-06T09:15:02+00:00,RT @RachelTrue: Why do white people slaughter their entire families when they‚Äôre financially or emotionally overwhelmed?,RT : Why do white people slaughter their entire families when theyre financially or emotionally overwhelmed?,0,3459,0,0,rt racheltrue white people slaughter entire families they‚Äôre financially emotionally overwhelmed,Positive,Low Concern
1908810667387470045,2025-04-06T09:15:01+00:00,"RT @CHAMPSORA_CH: Massage therapy 
üçÜ @Hankv17 
üçë@CHAMPSORA_CH https://t.co/kzIForqoV8",RT : Massage therapy,0,607,0,0,rt champsorach massage therapy hankv champsorach,Neutral,Low Concern
1908810666917691556,2025-04-06T09:15:01+00:00,RT @mooncatvivi: your 20s are for realizing that growing up as a very lonely girl sticks with you for far longer than you‚Äôd like,RT : your 20s are for realizing that growing up as a very lonely girl sticks with you for far longer than youd like,0,14371,0,0,rt mooncatvivi realizing growing lonely girl sticks far longer you‚Äôd like,Positive,Low Concern
1908810665600696497,2025-04-06T09:15:01+00:00,The #sycophancy over #Trunt is in fact a mental health crisis,The sycophancy over Trunt is in fact a mental health crisis,0,0,0,0,sycophancy trunt fact mental health crisis,Negative,Low Concern
1908810663352586363,2025-04-06T09:15:00+00:00,"Just saw Lady Gaga's latest fashion ensemble and wondered if she raided a UFO for ideas. She's like a style tornado with more sequins than a disco apocalypse! If her wardrobe could talk, it'd demand therapy and a GPS. Can someone dial down the Earth's atmospheric pressure before","Just saw Lady Gaga's latest fashion ensemble and wondered if she raided a UFO for ideas. She's like a style tornado with more sequins than a disco apocalypse! If her wardrobe could talk, it'd demand therapy and a GPS. Can someone dial down the Earth's atmospheric pressure before",0,0,0,0,saw lady gagas latest fashion ensemble wondered raided ufo ideas shes like style tornado sequins disco apocalypse wardrobe could talk itd demand therapy gps someone dial earths atmospheric pressure,Negative,Low Concern
1908810662467584413,2025-04-06T09:15:00+00:00,@aydensdiary hmmm not enough lonely wolf...,hmmm not enough lonely wolf...,0,0,1,0,aydensdiary hmm enough lonely wolf,Negative,Low Concern
1908810662308135040,2025-04-06T09:15:00+00:00,"RT @flowerforuuu: dulu post soal panic attack gue diserang+kanjeng dibilang ngespecialin karakter ajay gegara relate, dan mampus lah kalian‚Ä¶","RT : dulu post soal panic attack gue diserang+kanjeng dibilang ngespecialin karakter ajay gegara relate, dan mampus lah kalian",0,47,0,0,rt flowerforuu dulu post soal panic attack gue diserangkanjeng dibilang ngespecialin karakter ajay gegara relate dan mampus lah kalian‚Ä¶,Negative,Moderate Concern
1908810662286954727,2025-04-06T09:15:00+00:00,"RT @estdiaries: üé§ are you lonely today?
ü¶à today i‚Äôm lonely im not used to being alone

ü•πü•πü•π

EST X WONDER SPLASH
 #TheICONMedicalClinicxEST‚Ä¶",RT : are you lonely today? today im lonely im not used to being alone EST X WONDER SPLASH TheICONMedicalClinicxEST,0,391,0,0,rt estdiaries lonely today today i‚Äôm lonely im used alone est wonder splash theiconmedicalclinicxest‚Ä¶,Negative,Low Concern
1908810661871624485,2025-04-06T09:15:00+00:00,RT @snowgot7forever: ü¶à: I was really lonely at first. I‚Äôm not used to being alone anymore. But seeing everyone made me feel a bit better.‚Ä¶,RT : : I was really lonely at first. Im not used to being alone anymore. But seeing everyone made me feel a bit better.,0,145,0,0,rt snowgotforever really lonely first i‚Äôm used alone anymore seeing everyone made feel bit better‚Ä¶,Negative,Low Concern
1908810661406339489,2025-04-06T09:15:00+00:00,"Philippians 4:6 Do not be anxious about anything, but in everything, by prayer and petition, with thanksgiving, present your requests to God. #WisdomOfSolomon #SolomonKnowsIT #SITVerseoftheDay https://t.co/HYp4iheABX","Philippians 4:6 Do not be anxious about anything, but in everything, by prayer and petition, with thanksgiving, present your requests to God. WisdomOfSolomon SolomonKnowsIT SITVerseoftheDay",0,0,0,0,philippians anxious anything everything prayer petition thanksgiving present requests wisdomofsolomon solomonknowsit sitverseoftheday,Negative,Moderate Concern
1908810660122640434,2025-04-06T09:15:00+00:00,"If I'm streaming with friends, it's not difficult. But when I'm all alone, i just talk to myself. A little odd talent I've had for a long time but it helps. Can't really avoid feeling lonely so I immerse myself by interacting with the game itself like humanizing NPCs and monsters https://t.co/xudaU6PxkR","If I'm streaming with friends, it's not difficult. But when I'm all alone, i just talk to myself. A little odd talent I've had for a long time but it helps. Can't really avoid feeling lonely so I immerse myself by interacting with the game itself like humanizing NPCs and monsters",0,0,0,0,im streaming friends difficult im alone talk little odd talent ive long time helps cant really avoid feeling lonely immerse interacting game like humanizing npcs monsters,Positive,Low Concern
1908810659854188892,2025-04-06T09:14:59+00:00,"RT @nachamu_usa: The juniper tree, spotlighted in I Kings 19:4-6, emerges as a profound symbol of hope, resilience, and divine care. When E‚Ä¶","RT : The juniper tree, spotlighted in I Kings 19:4-6, emerges as a profound symbol of hope, resilience, and divine care. When E",0,95,0,0,rt nachamuusa juniper tree spotlighted kings emerges profound symbol hope resilience divine care e‚Ä¶,Positive,Low Concern
1908810658704932905,2025-04-06T09:14:59+00:00,"RT @TATAMOCHII: ARMY MAMA rescheduled her radiation to attend #HOPE_ON_THE_STAGE_TOUR, lol. her oncologist approved bc life‚Äôs too short. ü•π‚Ä¶","RT : ARMY MAMA rescheduled her radiation to attend HOPE_ON_THE_STAGE_TOUR, lol. her oncologist approved bc lifes too short.",0,747,0,0,rt tatamochii army mama rescheduled radiation attend hopeonthestagetour lol oncologist approved bc life‚Äôs short,Positive,Low Concern
1908810657438323153,2025-04-06T09:14:59+00:00,"RT @CHAMPSORA_CH: Massage therapy 
üçÜ @Hankv17 
üçë@CHAMPSORA_CH https://t.co/kzIForqoV8",RT : Massage therapy,0,607,0,0,rt champsorach massage therapy hankv champsorach,Neutral,Low Concern
1908810655261467025,2025-04-06T09:14:58+00:00,"‚ÄúSoundNest ‚Äì AI-Powered Sleep Sound Machine‚Äù üí§üé∂
  Sleep Tech / Wellness / AI
 Light sleepers, parents, remote workers, anxiety sufferers

üëâ ‚ÄúSleep, Tuned to You.‚Äù
üìñ Description:
 SoundNest‚Ñ¢ creates personalized sleep soundscapes in real time using AI. It listens to your https://t.co/Ld7gRcl81p","SoundNest AI-Powered Sleep Sound Machine Sleep Tech / Wellness / AI Light sleepers, parents, remote workers, anxiety sufferers Sleep, Tuned to You. Description: SoundNest creates personalized sleep soundscapes in real time using AI. It listens to your",1,0,0,1,‚Äúsoundnest aipowered sleep sound machine‚Äù sleep tech wellness ai light sleepers parents remote workers anxiety sufferers ‚Äúsleep tuned you‚Äù description soundnest creates personalized sleep soundscapes real time using ai listens,Neutral,Low Concern
1908810655198511413,2025-04-06T09:14:58+00:00,"RT @Awk20000: Asmongold says the quiet part out loud about why a lot of young men are still championing Trump‚Äôs tariffs 

‚ÄúRust Belt reveng‚Ä¶",RT : Asmongold says the quiet part out loud about why a lot of young men are still championing Trumps tariffs Rust Belt reveng,0,162,0,0,rt awk asmongold says quiet part loud lot young men still championing trump‚Äôs tariffs ‚Äúrust belt reveng‚Ä¶,Positive,Low Concern
1908810653630177678,2025-04-06T09:14:58+00:00,"RT @_nesmam: YOU ARE NOT SELFISH ‚ÄºÔ∏è
we want food üíî

we want food üíî

we want food 

we want food 

we want food üíî
This is what happens to ch‚Ä¶",RT : YOU ARE NOT SELFISH we want food we want food we want food we want food we want food This is what happens to ch,0,2456,0,0,rt nesmam selfish want food want food want food want food want food happens ch‚Ä¶,Negative,Low Concern
1908810652711375198,2025-04-06T09:14:58+00:00,"son like dad.... dad like son.... toichiro literally does mesugaki face as he's bullying the fat anxious neet, be SERIOUS!!!!!!!!!!!!!!!!!!!!!!!!!","son like dad.... dad like son.... toichiro literally does mesugaki face as he's bullying the fat anxious neet, be SERIOUS!!!!!!!!!!!!!!!!!!!!!!!!!",0,0,0,1,son like dad dad like son toichiro literally mesugaki face hes bullying anxious neet serious,Negative,Moderate Concern
1908810651763658866,2025-04-06T09:14:58+00:00,"RT @estdiaries: üé§ are you lonely today?
ü¶à today i‚Äôm lonely im not used to being alone

ü•πü•πü•π

EST X WONDER SPLASH
 #TheICONMedicalClinicxEST‚Ä¶",RT : are you lonely today? today im lonely im not used to being alone EST X WONDER SPLASH TheICONMedicalClinicxEST,0,391,0,0,rt estdiaries lonely today today i‚Äôm lonely im used alone est wonder splash theiconmedicalclinicxest‚Ä¶,Negative,Low Concern
1908810649288720666,2025-04-06T09:14:57+00:00,"RT @Number10cat: UK: Brexit is the biggest act of economic self harm any country will ever perform
USA: Hold my beer... https://t.co/x3PcvP‚Ä¶",RT : UK: Brexit is the biggest act of economic self harm any country will ever perform USA: Hold my beer...,0,2808,0,0,rt numbercat uk brexit biggest act economic self harm country ever perform usa hold beer,Negative,Low Concern
1908810647238041628,2025-04-06T09:14:56+00:00,"Half alive, half dead.
All the stress I‚Äôve buried finally surfaced‚Äîand now my body‚Äôs paying the price.

Still gonna be annoying about PPW on the TL though. https://t.co/VzP7Zvnejc","Half alive, half dead. All the stress Ive buried finally surfacedand now my bodys paying the price. Still gonna be annoying about PPW on the TL though.",0,0,0,0,half alive half dead stress i‚Äôve buried finally surfaced‚Äîand body‚Äôs paying price still gonna annoying ppw tl though,Negative,Low Concern
1908810647204245657,2025-04-06T09:14:56+00:00,RT @stillwithanbin: hobi literally fell to the floor and sat there bc he was so overwhelmed im crying you are so loved sweet boy :( the fir‚Ä¶,RT : hobi literally fell to the floor and sat there bc he was so overwhelmed im crying you are so loved sweet boy :( the fir,0,2333,0,0,rt stillwithanbin hobi literally fell floor sat bc overwhelmed im crying loved sweet boy fir‚Ä¶,Positive,Low Concern
1908810645572628703,2025-04-06T09:14:56+00:00,"RT @WolfRMFC: Carlo Ancelotti has ruined my mental health, I don‚Äôt know if I will ever recover from this.","RT : Carlo Ancelotti has ruined my mental health, I dont know if I will ever recover from this.",0,169,0,0,rt wolfrmfc carlo ancelotti ruined mental health don‚Äôt know ever recover,Negative,Low Concern
1908810644192940456,2025-04-06T09:14:56+00:00,@POTUS I think you need a mental health assessment. For reals. You‚Äôre a total spanner. And oh sooooo embarrassing,I think you need a mental health assessment. For reals. Youre a total spanner. And oh sooooo embarrassing,0,0,0,0,potus think need mental health assessment reals you‚Äôre total spanner oh soo embarrassing,Negative,Low Concern
1908810643559604601,2025-04-06T09:14:56+00:00,"RT @ahmedziaddd: I feel depressed and suicidal today - if you see this please say hi it makes massive difference

https://t.co/U4975tskWO h‚Ä¶",RT : I feel depressed and suicidal today - if you see this please say hi it makes massive difference h,0,3719,0,0,rt ahmedziadd feel depressed suicidal today see please say hi makes massive difference h‚Ä¶,Negative,High-Risk
1908810640224878749,2025-04-06T09:14:55+00:00,RT @YuliaFaaarrrmmm: Life on the farm is peaceful but lonely and I dream of meeting an experienced man who values a hardworking girl like m‚Ä¶,RT : Life on the farm is peaceful but lonely and I dream of meeting an experienced man who values a hardworking girl like m,0,926,0,0,rt yuliafaarrmm life farm peaceful lonely dream meeting experienced man values hardworking girl like m‚Ä¶,Positive,Low Concern
1908810638970749223,2025-04-06T09:14:54+00:00,"@Isikotebuogbaya That's why I love God too much, God didn't want him to die before now but allow him to live to see and reap from the evil he showed.","That's why I love God too much, God didn't want him to die before now but allow him to live to see and reap from the evil he showed.",0,0,0,0,isikotebuogbaya thats love much didnt want die allow live see reap evil showed,Positive,Low Concern
1908810637779583093,2025-04-06T09:14:54+00:00,"this is my way of saying good morning this account might stress me out but i missed you all ü•Äü•Ä

all of you get a kiss https://t.co/RouHIgWoKs https://t.co/UICEKihXUm",this is my way of saying good morning this account might stress me out but i missed you all all of you get a kiss,0,0,0,0,way saying good morning account might stress missed get kiss,Positive,Low Concern
